date_name,Rain,Wind speed,Wind direction,Temp,Moisture,UV,AQI,SO2,CO,PM10,NO2,O3(8hr),PM2.5,LastdayAQI
2023/10/31,0,2.4,58,24.3,69,8,39,2,2,11,22,39,20,38
2023/10/30,0,1.4,52,23.5,74,6,38,5,3,14,33,38,26,40
2023/10/29,0,1.4,56,22.9,70,5,40,5,3,16,23,40,29,38
2023/10/28,14.5,1.8,53,21.9,78,4,38,2,3,10,22,38,17,38
2023/10/27,0,1.8,50,24.3,72,5,38,2,3,18,32,38,32,80
2023/10/26,0,1.5,92,25.1,68,8,80,5,5,23,38,80,49,38
2023/10/24,0,1.3,59,25.6,77,6,50,5,5,24,35,50,47,46
2023/10/23,0,1.2,87,25.8,71,8,46,5,3,14,38,46,24,34
2023/10/22,0,1.8,50,23.9,71,6,34,2,2,7,18,34,13,37
2023/10/21,0,2.9,57,22.5,72,5,37,2,3,14,18,37,22,51
2023/10/20,0,2,1,23.9,85,5,51,2,3,23,25,40,51,169
2023/10/19,0,0.9,21,25.9,76,7,169,5,6,44,28,169,94,140
2023/10/18,0,0.8,20,25.8,70,8,140,8,7,39,60,140,81,126
2023/10/17,0,1.8,32,25.4,56,8,126,2,5,32,22,126,67,90
2023/10/16,0,2.3,55,24.9,55,10,90,2,3,32,17,90,65,108
2023/10/15,0,2,58,24.1,62,8,108,5,5,30,22,108,65,64
2023/10/14,0,1.5,52,24.2,70,5,64,8,5,22,28,64,45,54
2023/10/13,0,1.8,29,25.2,68,9,54,2,3,22,28,54,29,47
2023/10/12,0,2.2,53,25.1,67,9,47,5,3,20,25,47,29,58
2023/10/11,0.5,3,58,24.6,67,10,58,2,3,18,18,58,27,40
2023/10/10,0,2.4,30,24.6,81,11,40,2,2,8,15,40,13,42
2023/10/9,0,2,53,24.5,87,3,42,0,2,12,13,42,18,39
2023/10/8,0.5,2,33,24.7,88,6,39,0,2,14,13,39,16,39
2023/10/7,3.5,1.2,1,25.5,90,6,39,2,3,22,28,39,29,37
2023/10/6,2.5,1.2,7,26.7,83,10,37,0,5,23,33,36,37,43
2023/10/5,6,3.7,34,26.9,79,9,43,0,2,11,12,43,15,38
2023/10/4,39,3,30,25.3,92,2,38,0,2,19,13,38,34,42
2023/10/3,1,3,58,26.3,75,10,42,2,2,26,20,42,31,45
2023/10/2,0,2.7,64,26.7,67,7,45,2,2,27,17,45,39,51
2023/10/1,0,2.8,31,28.2,70,10,51,2,3,19,12,51,32,34
2023/9/30,0,1.9,30,29,71,9,34,2,3,15,18,34,25,29
2023/9/29,0,2,64,29.6,66,11,29,0,2,15,18,26,29,31
2023/9/28,0,2.1,37,29.8,66,9,31,2,2,13,22,31,23,34
2023/9/27,0,2.2,58,29.9,63,11,34,2,2,16,23,28,34,43
2023/9/26,0,2.2,45,29.8,62,11,43,2,2,17,22,43,29,34
2023/9/25,0,1.7,89,29.3,69,9,34,2,2,16,23,34,25,40
2023/9/24,0,1.4,2,29.3,72,9,40,2,2,19,20,40,38,50
2023/9/23,0,1.7,43,30.1,68,8,50,2,3,17,27,50,40,36
2023/9/22,0,1.5,89,29.2,71,10,36,2,3,18,25,35,36,47
2023/9/21,0,1.2,291,28.9,74,9,47,5,2,22,30,46,47,52
2023/9/20,0,1.2,208,29.1,74,17,52,5,3,25,33,45,52,97
2023/9/19,0,1.3,173,28.8,74,10,97,5,3,23,30,97,44,50
2023/9/18,0,1.3,95,28.5,76,10,50,5,3,22,30,50,44,41
2023/9/17,0,1,95,29,71,10,41,5,2,21,20,36,41,48
2023/9/16,0,1.1,84,28.2,70,11,48,5,3,22,35,43,48,90
2023/9/15,0,1.2,271,27.9,76,19,90,8,3,28,32,90,62,60
2023/9/14,0,1,106,28,72,10,60,10,3,30,28,58,60,54
2023/9/13,0,1,91,27.8,72,10,54,2,5,25,37,50,54,104
2023/9/12,0,1,49,27.5,75,10,104,2,3,26,33,104,55,64
2023/9/11,0,1,38,27.5,72,9,64,2,3,22,45,64,38,46
2023/9/10,0,1.5,80,27.3,70,11,46,2,2,18,38,46,31,47
2023/9/9,7.5,1,38,26.7,72,10,47,5,3,16,28,47,31,27
2023/9/8,3,1.7,27,26.5,75,6,27,2,3,10,27,25,23,29
2023/9/7,6.5,2.2,45,28.8,62,10,29,0,2,9,20,29,16,36
2023/9/6,5.5,1,77,27.8,83,8,36,0,3,12,28,36,18,38
2023/9/5,10,1,80,27.9,85,13,38,2,3,11,33,38,19,42
2023/9/4,3.5,2.2,16,28.2,80,4,42,8,5,9,42,25,18,24
2023/9/3,0,3.5,55,28.8,72,4,24,0,1,9,7,24,6,20
2023/9/2,0.5,2.4,51,29.6,72,13,20,0,1,11,15,20,13,24
2023/8/30,0,2.3,83,31.6,64,14,27,5,2,15,27,21,25,37
2023/8/29,0,1.3,197,29.6,77,10,37,2,2,19,20,35,37,38
2023/8/28,0,1,283,29.4,73,13,38,5,2,15,22,38,31,50
2023/8/27,0,1.3,298,29.1,72,13,50,2,2,15,27,50,32,45
2023/8/26,0,1.5,9,29.5,72,11,45,2,2,17,18,45,37,41
2023/8/25,0,1.3,18,29.5,75,12,41,5,2,18,25,41,36,31
2023/8/24,0,1.3,86,29.3,72,11,31,5,2,15,27,31,20,30
2023/8/23,0,1.5,76,29.3,71,13,30,5,2,12,30,28,20,23
2023/8/22,0,2,175,29.3,72,14,23,5,2,11,22,23,17,33
2023/8/21,0,1.2,278,29,74,14,33,8,2,13,23,33,23,38
2023/8/20,0.5,1.2,123,28,79,14,38,2,2,14,35,38,21,45
2023/8/19,3,1.2,109,27.6,77,10,45,0,3,15,42,45,25,47
2023/8/18,14,1.3,108,27.1,79,12,47,2,3,10,42,47,20,51
2023/8/17,7,1.4,277,27.7,82,13,51,2,3,18,32,51,31,28
2023/8/16,63,2.5,202,27,84,1,28,0,5,16,28,18,27,37
2023/8/15,0,4.5,239,30.9,65,12,37,0,2,21,15,29,37,29
2023/8/14,0,4,235,30.3,65,10,29,2,2,16,13,29,28,35
2023/8/13,0,2.9,202,30.2,68,12,35,2,2,20,15,31,35,36
2023/8/12,0,2.1,261,29,76,12,36,8,2,22,30,36,32,44
2023/8/10,4,2,239,28.9,75,11,42,5,3,16,23,42,30,29
2023/8/9,0,3.9,237,30.6,65,11,29,2,2,17,18,29,27,33
2023/8/8,0,4.1,239,29.9,72,6,33,0,2,22,13,33,31,35
2023/8/7,0,5.3,252,30.2,70,11,35,2,2,28,12,29,35,38
2023/8/6,0,5.1,237,30.3,71,9,38,2,2,24,10,38,30,29
2023/8/5,49.5,4.8,240,27.6,81,6,29,0,2,13,12,29,15,32
2023/8/4,4.5,5.8,239,29.5,75,9,32,0,2,19,13,32,23,43
2023/8/3,9,4.6,228,28.9,77,5,43,2,3,24,22,43,38,30
2023/8/2,78,1.3,91,27.8,84,7,30,0,2,19,30,19,21,27
2023/8/1,6.5,1.8,50,27.9,78,11,27,2,1,16,22,27,16,22
2023/7/31,0,1.4,27,28.2,78,7,22,5,2,17,22,18,17,31
2023/7/30,0,1.1,41,27.4,83,7,31,2,3,16,27,31,14,48
2023/7/29,57,1,17,28.5,78,10,48,5,3,21,35,48,27,40
2023/7/28,2.5,1,22,27.1,89,3,40,0,3,24,32,19,40,66
2023/7/27,0.5,1.1,2,28.7,85,7,66,2,3,38,25,48,66,20
2023/7/26,0,3.9,84,30,66,5,20,2,1,12,20,15,7,67
2023/7/25,0,1.7,259,30.6,64,11,67,5,2,18,35,67,20,28
2023/7/24,0,1.4,353,29.4,70,11,28,2,2,14,28,19,11,33
2023/7/23,0,1.7,85,28.7,75,10,33,2,3,14,33,15,10,23
2023/7/22,0,1.8,178,29.5,73,11,23,2,2,11,23,19,7,24
2023/7/21,1.5,1.8,270,29.7,74,12,24,2,1,13,15,24,10,31
2023/7/20,0,1.6,278,29.7,76,12,31,2,2,13,27,31,16,39
2023/7/19,0,1.1,176,29.4,74,10,39,0,2,15,32,39,13,42
2023/7/18,12.5,1,6,28.4,78,7,42,5,3,16,42,31,18,37
2023/7/17,0,1.3,83,30.4,69,11,37,2,2,17,22,37,18,74
2023/7/16,0,1.5,81,30.3,71,11,74,5,3,24,37,74,42,44
2023/7/15,0,1.6,177,30.2,76,10,44,5,2,21,18,44,28,32
2023/7/14,0,1.7,190,30.8,68,12,32,5,2,15,32,31,20,31
2023/7/13,0,1,42,29.5,70,11,31,5,2,15,30,31,15,43
2023/7/12,0,1.4,96,29.8,68,11,43,2,2,12,43,25,8,30
2023/7/11,0,1.8,152,29.8,68,11,30,5,2,13,30,20,14,28
2023/7/10,0,2,175,29.8,71,12,28,8,2,13,28,25,15,31
2023/7/9,0,2.4,170,30.1,71,12,31,5,2,19,20,22,31,51
2023/7/8,0,4.2,231,30.8,63,12,51,5,2,24,32,25,51,23
2023/7/7,0,4.8,234,30.6,61,12,23,2,1,18,18,21,23,19
2023/7/6,0,4.9,248,30.3,66,12,19,0,1,15,17,19,8,26
2023/7/5,0,5.3,239,31.2,59,12,26,2,2,14,17,26,12,26
2023/7/4,0,4.5,243,30.3,66,12,26,8,2,13,18,26,9,31
2023/7/3,0,2.7,241,29.7,72,11,31,5,2,15,20,31,19,31
2023/7/2,0,1.5,184,29.6,75,12,31,5,2,16,22,31,25,31
2023/7/1,0,2,263,29.7,74,11,31,5,2,14,30,31,20,29
2023/6/30,0.5,2.2,263,29.6,73,12,29,10,2,13,25,29,19,44
2023/6/29,0,1.3,280,29.5,71,12,44,5,2,17,22,44,30,37
2023/6/28,0,1,311,29.6,69,9,37,2,2,18,28,37,28,39
2023/6/27,0,1.2,81,28.1,78,9,39,2,2,17,30,39,26,33
2023/6/26,1,1.6,14,28.6,78,11,33,2,2,16,33,26,19,23
2023/6/25,0,1.4,31,29.1,71,12,23,5,2,15,13,23,15,40
2023/6/24,5,1.8,256,28.9,76,10,40,8,2,14,23,40,17,21
2023/6/23,0,1.6,259,29.1,76,10,21,5,2,12,18,21,14,23
2023/6/22,0,2.7,220,29.3,75,7,23,5,1,16,22,23,15,22
2023/6/21,0,4.1,238,29.6,73,12,22,2,2,16,22,22,16,23
2023/6/20,0,4.3,244,29.9,70,12,23,2,2,17,18,23,17,31
2023/6/19,0,3.7,243,28.8,73,12,31,5,2,18,22,21,31,34
2023/6/18,0,2.8,252,28.6,78,12,34,5,2,22,27,25,34,28
2023/6/17,8,1.1,81,27.2,87,8,28,2,3,17,25,28,19,44
2023/6/16,22,1.3,84,26.9,84,8,44,2,3,13,32,44,18,43
2023/6/15,12,1.6,34,25.6,85,8,43,8,3,16,37,43,26,43
2023/6/14,4.5,1.2,24,27.1,80,6,43,5,2,18,23,43,24,58
2023/6/13,0,0.9,1,27.7,72,9,58,8,3,20,37,58,22,42
2023/6/12,0,1.3,48,27.4,78,7,42,5,3,20,42,20,27,27
2023/6/11,5,1.1,84,26.9,83,5,27,5,2,14,22,27,16,34
2023/6/10,2,1.1,310,27.5,83,11,34,0,2,14,17,34,21,22
2023/6/9,0,2.3,232,28.8,77,10,22,2,2,15,22,18,19,23
2023/6/8,0,2.1,249,28.7,78,11,23,2,2,17,23,19,18,25
2023/6/7,0,1.6,253,29,72,12,25,5,2,18,25,24,22,31
2023/6/6,0,2.2,249,28.7,72,11,31,2,2,23,25,31,29,54
2023/6/5,0,1.7,260,28.8,73,11,54,5,3,30,22,54,52,56
2023/6/4,0,1.6,232,28.6,78,8,56,2,3,29,23,51,56,80
2023/6/3,0,1.2,79,29.3,77,10,80,5,3,30,25,80,55,42
2023/6/2,0.5,1.8,97,28.5,77,11,42,2,3,24,35,42,35,30
2023/6/1,5,1.7,1,26.7,85,8,30,2,3,20,30,26,19,23
2023/5/31,52.5,2.7,31,26,89,6,23,0,1,19,12,15,23,26
2023/5/30,0,3.4,56,28.9,72,12,26,2,1,24,13,26,25,30
2023/5/29,0,2.1,55,29.7,64,12,30,0,3,23,30,30,28,50
2023/5/28,0,1.1,61,27.4,73,10,50,2,3,26,32,50,38,67
2023/5/27,0,1.5,251,27.3,75,10,67,5,3,33,25,67,49,58
2023/5/26,0,0.8,10,26.9,78,10,58,5,5,38,38,51,58,84
2023/5/25,0,0.9,80,25.7,82,10,84,2,5,42,45,84,63,61
2023/5/24,7.5,1.2,92,23.2,78,7,61,2,3,47,28,61,52,81
2023/5/23,13,2.3,63,21.4,78,7,81,2,3,70,25,47,81,23
2023/5/22,63,4.3,238,28,73,11,23,2,2,14,18,23,16,46
2023/5/21,0.5,2.1,252,27,83,7,46,5,3,24,27,29,46,51
2023/5/20,3,0.8,81,24.8,89,4,51,0,6,24,45,51,49,48
2023/5/19,190,1.6,76,23.6,93,2,48,2,5,13,48,35,29,30
2023/5/18,2.5,3.9,236,28.7,73,11,30,2,2,21,18,30,27,93
2023/5/17,0,1.3,43,26.8,68,10,93,8,5,26,37,93,48,93
2023/5/16,0,0.9,11,25,69,10,93,5,5,30,37,93,62,104
2023/5/15,0,0.9,106,24.5,67,7,104,8,6,30,52,104,59,58
2023/5/14,0,1.2,147,23.5,72,4,58,5,7,28,48,47,58,39
2023/5/13,0,1.3,46,22.9,79,4,39,2,5,21,28,39,36,53
2023/5/12,0,0.8,49,23.2,85,5,53,5,5,31,42,43,53,58
2023/5/11,0,1.1,81,23.5,74,8,58,5,3,32,37,58,49,80
2023/5/10,0,1.8,35,22,65,11,80,5,2,29,23,80,46,47
2023/5/9,0,2.4,61,20.2,67,5,47,5,3,27,27,47,43,39
2023/5/8,24.5,2.2,56,19.6,85,6,39,2,3,10,28,39,18,43
2023/5/7,28.5,2.6,218,23.1,83,5,43,2,3,8,17,43,13,36
2023/5/6,5.5,2.3,244,27.2,74,10,36,5,2,21,28,36,33,47
2023/5/5,0,2.9,181,27.7,74,10,47,8,3,28,27,45,47,61
2023/5/4,0,0.7,23,25.9,79,11,61,2,3,32,35,39,61,65
2023/5/3,0,1,204,25.2,83,11,65,0,3,36,32,48,65,90
2023/5/2,0,0.8,24,24.7,75,9,90,2,5,33,35,90,48,67
2023/5/1,0,2,53,22.6,59,10,67,2,2,23,18,67,33,59
2023/4/30,0,2.2,31,20.6,78,6,59,2,3,39,18,46,59,61
2023/4/29,0,1.6,3,25.6,73,10,61,5,5,26,32,61,56,66
2023/4/28,0,1.1,108,23.9,79,9,66,2,6,38,48,64,66,61
2023/4/27,0,0.9,43,21.5,77,9,61,2,5,30,38,61,46,44
2023/4/26,1,2.4,55,18.5,79,5,44,2,3,17,23,44,33,42
2023/4/25,0,1.5,55,19.7,84,3,42,5,3,20,28,42,35,62
2023/4/24,2,1.5,31,20.7,88,3,62,2,3,41,25,43,62,81
2023/4/23,0,1.5,4,22.5,78,8,81,2,3,68,25,61,81,71
2023/4/22,0,1.4,46,20.9,77,4,71,2,3,48,27,42,71,35
2023/4/21,10,1.7,54,21.2,82,4,35,2,3,19,30,35,35,39
2023/4/20,58,1.5,2,21.9,93,1,39,0,5,17,28,39,33,48
2023/4/19,47.5,3.5,237,25.5,79,4,48,2,5,25,48,31,47,90
2023/4/18,0,1,108,25.5,74,8,90,5,7,50,57,90,89,100
2023/4/17,0,1.2,79,24.1,71,9,100,5,6,44,51,100,72,100
2023/4/16,0,1.3,77,24,64,9,100,8,8,35,62,100,61,59
2023/4/15,13,1.7,31,22.8,82,2,59,8,6,28,35,44,59,92
2023/4/14,0,1.4,272,23.7,79,9,92,5,5,66,37,47,92,99
2023/4/13,0,1,275,22.3,86,8,99,2,5,94,32,44,99,57
2023/4/12,0,1.5,17,22.4,80,9,57,2,6,30,47,42,57,55
2023/4/11,0,1.2,252,22.7,71,9,55,8,6,30,55,43,53,74
2023/4/10,0,0.9,221,20.9,76,7,74,5,5,35,48,74,58,48
2023/4/9,0,1.8,58,19.4,58,6,48,2,2,22,20,48,35,72
2023/4/8,0,3.7,52,17.6,55,7,72,2,3,50,17,64,72,52
2023/4/7,15.5,2.9,51,17,81,4,52,0,5,19,28,45,52,65
2023/4/6,0,1,39,22.3,86,5,65,5,6,39,32,31,65,70
2023/4/5,1,1,10,23.1,79,8,70,5,5,34,47,44,70,76
2023/4/4,0,1,259,22.6,79,7,76,5,3,40,40,44,76,84
2023/4/3,0,1,82,22.3,71,7,84,2,5,25,33,84,51,54
2023/4/2,0,1.7,29,21.1,73,9,54,2,3,23,40,50,54,57
2023/4/1,6.5,0.9,27,17.9,91,1,57,2,5,25,43,26,57,43
2023/3/31,1.5,1.8,53,18.2,78,5,43,2,3,17,37,43,31,47
2023/3/30,1.5,1.6,24,17.9,90,2,47,0,3,16,23,47,32,42
2023/3/29,1,0.8,14,18.9,93,1,42,2,6,16,42,42,27,41
2023/3/28,1,1.9,33,17.5,87,3,41,2,3,14,32,41,24,47
2023/3/27,2,2.3,40,16.9,81,6,47,0,3,32,23,46,47,40
2023/3/26,4.5,2.2,51,16,86,2,40,0,3,19,25,36,40,37
2023/3/25,25,2.3,38,18.7,87,5,37,2,2,18,23,37,27,60
2023/3/24,0,1.8,357,22,81,7,60,2,5,38,33,48,60,40
2023/3/23,0,2.6,40,24,75,10,40,0,3,21,30,29,40,44
2023/3/22,0,3.5,243,24.4,75,7,44,2,3,23,33,31,44,58
2023/3/21,0,2.2,240,23.1,79,6,58,8,5,31,33,35,58,57
2023/3/20,0,0.9,49,21.3,82,8,57,2,5,42,51,46,57,50
2023/3/19,0,1.3,315,19.3,84,6,50,2,3,32,20,50,44,41
2023/3/18,0,2.1,61,18.4,81,6,41,0,3,27,32,39,41,63
2023/3/17,0,0.8,66,21,81,7,63,0,8,42,60,44,63,61
2023/3/16,0,1.6,30,20.2,81,8,61,2,3,42,37,35,61,67
2023/3/15,0,1.3,50,21.8,65,8,67,5,5,42,45,67,62,47
2023/3/14,0,1.1,31,18,70,6,47,5,5,37,45,44,47,49
2023/3/13,0,3.1,57,14.4,69,3,49,2,2,49,27,38,49,71
2023/3/12,0,1.9,30,19.1,73,8,71,5,5,42,40,54,71,118
2023/3/11,0,1.4,86,21.6,60,8,118,5,5,39,52,118,72,61
2023/3/10,0,1.7,85,21.9,52,9,61,2,3,32,35,61,54,87
2023/3/9,0,1.4,98,19.2,58,8,87,5,5,46,55,87,80,93
2023/3/8,0,0.8,299,18.5,62,8,93,10,8,50,68,93,87,68
2023/3/7,0,1,86,18.1,60,8,68,8,8,39,65,39,68,44
2023/3/6,0,1.9,78,17.9,48,9,44,5,3,29,33,44,34,58
2023/3/5,0,2.7,60,17.6,43,8,58,5,2,31,22,58,34,51
2023/3/4,0,2,33,16.6,65,8,51,2,2,35,40,51,47,40
2023/3/3,0,1.8,34,16.1,61,6,40,2,3,36,40,39,38,87
2023/3/2,0,3.2,54,16.1,56,7,87,2,5,63,23,64,87,54
2023/3/1,0,1.5,271,17.4,79,8,54,5,2,25,28,40,54,56
2023/2/28,0,0.9,282,16.3,81,8,56,12,3,40,35,40,56,41
2023/2/27,0,2.3,47,17,52,9,41,2,2,19,22,41,23,41
2023/2/25,0,3.2,48,13.6,72,4,72,5,3,51,15,46,72,39
2023/2/24,0,2.4,30,14.9,88,2,39,5,2,15,17,39,23,34
2023/2/23,0,1.7,37,16.5,92,1,34,0,2,22,23,34,27,35
2023/2/22,0,2.4,47,15.1,84,3,35,2,2,24,18,35,33,37
2023/2/21,0,3.9,55,14.2,69,8,37,2,2,33,20,37,35,67
2023/2/20,0,3.6,48,15.2,62,8,67,2,5,54,17,46,67,98
2023/2/19,0,2.4,37,16.2,84,7,98,2,6,52,30,47,98,101
2023/2/18,0,1,12,18.2,83,8,101,5,9,52,60,36,101,68
2023/2/17,0,0.9,1,15.3,82,6,68,8,6,48,59,40,68,40
2023/2/16,0,2,31,15.3,60,8,40,2,3,30,40,38,36,44
2023/2/15,0,2.8,43,11.5,63,3,44,2,2,33,17,39,44,43
2023/2/14,2,2.8,34,11.8,82,2,43,2,3,28,20,37,43,56
2023/2/13,0,1.9,35,19.5,84,8,56,2,7,33,48,31,56,76
2023/2/12,0,0.7,30,18.7,86,8,76,5,12,40,62,31,76,60
2023/2/11,0,0.7,331,16.5,92,3,60,5,8,38,60,30,56,67
2023/2/10,0,1.4,356,17.3,90,4,67,5,8,37,48,21,67,66
2023/2/9,1,0.9,19,15.1,96,2,66,2,7,38,52,40,66,37
2023/2/8,0,1.7,23,18,89,6,37,2,3,22,27,37,31,62
2023/2/7,0,1.6,28,16.9,92,4,62,2,5,36,50,27,62,57
2023/2/6,18,0.9,5,16.1,93,4,57,2,7,28,55,26,57,37
2023/2/5,11.5,1.2,65,16.3,95,2,37,0,3,14,23,37,24,33
2023/2/4,0,1.5,33,17.7,82,4,33,2,3,18,28,29,33,39
2023/2/3,0,1.7,37,17.4,76,6,39,2,3,31,27,33,39,67
2023/2/2,0,2.2,43,16.4,81,3,67,2,3,52,45,44,67,62
2023/2/1,0,1.1,96,17.3,61,4,62,2,7,36,62,32,61,64
2023/1/31,0,1,277,13.6,72,6,64,18,7,37,60,64,60,47
2023/1/30,0,1.6,41,14.3,58,6,47,2,3,30,28,44,47,56
2023/1/29,0,2.1,29,12.8,61,6,56,2,3,37,22,40,56,56
2023/1/28,0,2.9,54,9.4,52,4,56,5,3,41,23,36,56,66
2023/1/27,0,2.6,41,11.9,62,2,66,5,3,48,25,40,66,38
2023/1/26,0,1.1,1,13.5,83,2,38,5,3,22,32,30,38,34
2023/1/25,0,3,59,11.3,61,7,34,2,2,18,20,34,31,59
2023/1/24,2.5,3.3,62,10.5,72,3,59,5,5,37,12,34,59,31
2023/1/23,0,1.7,37,17.2,87,3,31,2,2,24,17,30,31,61
2023/1/22,0.5,1.2,354,17.4,86,6,61,2,5,36,43,32,61,56
2023/1/21,0,1.8,30,17.5,82,5,56,2,3,35,22,44,56,56
2023/1/20,0,2.6,43,16.3,74,4,56,2,3,39,20,41,56,67
2023/1/19,0,1.8,32,15.9,77,6,67,2,5,43,33,41,67,71
2023/1/18,1,1.9,31,12.7,85,2,71,2,5,42,27,32,71,27
2023/1/17,0.5,1.9,25,13.8,87,1,27,2,3,15,23,27,20,40
2023/1/16,0,2.6,50,11.5,84,3,40,2,5,20,20,26,40,27
2023/1/15,2,2.8,53,14.5,86,3,27,2,2,10,15,27,14,61
2023/1/14,0,1.2,269,22.3,82,5,61,12,7,36,59,28,61,78
2023/1/13,0,0.5,78,21.7,75,6,78,8,11,41,69,42,78,61
2023/1/12,0,1,16,18.3,91,4,61,2,5,38,48,31,61,37
2023/1/11,1,0.9,1,19.1,91,3,37,2,3,25,37,27,34,42
2023/1/10,1,1.7,28,19.1,86,5,42,2,2,17,42,30,27,91
2023/1/9,0.5,1.2,66,18.6,88,4,91,5,6,68,55,35,91,86
2023/1/8,0,1,73,19,73,5,86,2,6,52,43,51,86,62
2023/1/7,0,2.5,53,17.9,61,6,62,2,5,40,25,46,62,38
2023/1/6,0.5,1.8,26,17.4,85,2,38,5,3,20,38,33,31,31
2023/1/5,0,1.6,42,18.4,88,2,31,2,2,21,22,31,28,31
2023/1/4,0,2.2,44,17.1,76,5,31,2,3,13,25,31,25,38
2023/1/3,0,2.5,37,16.1,82,4,38,2,3,13,20,38,23,39
2023/1/2,1.5,1.9,35,18.3,86,3,39,2,3,16,18,39,37,33
2023/1/1,0,1.7,51,19.9,75,4,33,2,2,9,18,33,21,35
2022/12/31,0,3,52,17,79,6,35,2,2,12,13,35,30,33
2022/12/30,0,2.8,33,15.9,86,5,33,2,2,9,18,33,18,46
2022/12/29,0,2.4,44,16.9,81,3,46,2,3,20,27,34,46,43
2022/12/28,0,2.5,47,17.1,75,5,43,2,3,22,25,39,43,37
2022/12/27,0,2,61,15.9,66,5,37,2,2,24,37,34,34,40
2022/12/26,0,1.8,31,14.5,66,5,40,2,3,28,37,34,40,52
2022/12/25,0,2.5,59,12.7,52,5,52,5,3,29,23,39,52,39
2022/12/24,0,2.8,58,12.1,49,5,39,5,2,26,23,39,39,55
2022/12/23,0,2.5,64,12.2,56,5,55,5,3,46,30,37,55,49
2022/12/22,0,2.3,88,14.7,45,5,49,5,3,40,43,41,49,53
2022/12/21,0.5,1.4,5,14.8,81,1,53,5,5,33,45,25,53,62
2022/12/20,0,1.1,82,15.9,65,5,62,5,14,25,62,26,43,52
2022/12/19,0,1.4,43,14.3,65,5,52,2,7,28,52,24,32,44
2022/12/18,0,3.2,57,10,56,5,44,8,2,33,15,31,44,37
2022/12/17,6.5,3,54,12.6,85,2,37,8,3,21,20,32,37,29
2022/12/16,8.5,1.8,29,17.7,94,2,29,2,2,6,25,29,13,40
2022/12/15,7.5,1.7,49,16.3,89,2,40,5,3,8,40,31,18,38
2022/12/14,0,3.3,41,15.3,80,5,38,2,3,18,25,35,38,49
2022/12/13,1.5,2.6,43,16,81,5,49,2,5,25,27,32,49,34
2022/12/12,0.5,2.4,48,16.2,84,2,34,2,3,17,28,31,34,38
2022/12/11,2.5,3.2,54,16.7,86,6,38,2,5,13,17,34,38,35
2022/12/10,1,2.1,36,18.9,86,2,35,5,2,19,20,35,32,31
2022/12/9,0,2.1,33,18.8,86,4,31,2,2,9,20,31,22,32
2022/12/8,0,2,44,18.7,83,2,32,5,3,13,32,31,28,30
2022/12/7,0,2,29,18.8,83,2,30,2,2,15,27,30,26,30
2022/12/6,0,2.8,43,18.1,74,6,30,2,2,13,17,30,14,27
2022/12/5,1,2.3,37,17.1,91,3,27,2,2,7,18,27,8,27
2022/12/4,0,2.1,37,20.1,92,2,27,0,3,11,27,27,15,27
2022/12/3,2.5,1.5,35,20.8,92,3,27,2,2,12,27,24,15,33
2022/12/2,0.5,2,42,19.1,83,4,33,2,3,7,33,27,10,25
2022/12/1,3,2.7,32,18.2,82,4,25,2,2,8,20,25,13,26
2022/11/30,0,3,54,19.4,80,5,26,2,2,12,18,26,16,58
2022/11/29,0,1,208,25.5,84,6,58,5,7,35,50,26,58,70
2022/11/28,0,1,140,24.8,80,6,70,8,7,37,45,48,70,46
2022/11/26,0,1.5,56,21.5,84,5,35,2,3,10,20,35,16,30
2022/11/25,34.5,1.7,9,21.7,92,6,30,2,3,13,30,29,22,42
2022/11/24,59.5,1.5,40,20.7,92,3,42,2,3,8,42,29,23,30
2022/11/23,11.5,1.8,48,21.4,91,4,30,2,5,16,30,27,30,52
2022/11/22,0,1.5,78,23.8,85,6,52,10,5,33,42,31,52,39
2022/11/21,0,1.6,86,25,75,7,39,2,3,14,32,39,16,35
2022/11/20,0,1.4,49,23.9,79,6,35,5,2,19,32,35,28,38
2022/11/19,0,1.5,34,23.7,85,7,38,2,3,27,33,38,32,38
2022/11/18,0,1.7,18,23.8,84,7,38,5,3,29,32,36,38,52
2022/11/17,0,1.2,17,23.5,86,5,52,5,5,30,52,40,47,48
2022/11/16,0,1.6,42,23.1,85,3,48,2,5,14,48,27,20,42
2022/11/15,0,1.6,44,23,79,7,42,5,3,25,28,42,35,40
2022/11/14,0,1.8,51,24.4,72,7,40,2,5,27,35,40,38,52
2022/11/13,0,1.5,51,23.9,82,6,52,5,3,28,33,31,52,66
2022/11/12,0,1,54,24.6,87,6,66,2,5,33,42,28,66,38
2022/11/11,0,0.9,235,24.9,84,6,38,5,3,23,38,31,34,39
2022/11/10,0,1.3,53,26.8,72,6,39,5,3,23,38,36,39,64
2022/11/9,0,1.5,105,26,83,7,64,8,8,25,64,49,46,30
2022/11/8,0,2.1,36,24.4,77,3,30,2,3,13,23,30,20,30
2022/11/7,0,2,53,24,75,5,30,2,2,8,20,30,12,36
2022/11/6,0,2.3,60,21.9,73,7,36,2,2,10,17,36,16,33
2022/11/5,0,3,64,20.7,72,7,33,2,2,15,15,33,23,38
2022/11/4,0,2.7,33,21.6,81,5,38,2,3,17,23,38,27,38
2022/11/3,0,1.7,30,24.7,79,8,38,2,2,10,27,38,14,37
2022/11/2,0,3.1,54,23.4,76,7,37,2,2,8,20,37,11,35
2022/11/1,2.5,5,60,21.8,78,9,35,2,1,7,10,35,12,36
2022/10/31,17,3,34,21.6,92,3,36,2,1,9,15,36,20,41
2022/10/30,0,3.4,39,23.9,81,6,41,2,2,21,12,35,41,37
2022/10/29,0,4.4,55,23.6,76,8,37,0,2,24,17,37,32,35
2022/10/28,0,3.4,55,24.9,69,8,35,2,2,16,13,35,16,37
2022/10/27,0,2.2,56,24.4,65,8,37,2,2,18,27,37,19,39
2022/10/26,0,1.7,46,23.7,59,8,39,2,2,19,22,39,17,36
2022/10/25,0,3.4,55,21.7,57,7,36,2,2,26,18,36,21,44
2022/10/24,0,3.7,56,22,59,8,44,2,2,34,17,44,31,34
2022/10/23,2.5,2.6,55,22.7,81,5,34,2,2,20,17,34,29,25
2022/10/22,0,1.8,36,25.7,88,8,25,0,2,12,20,25,14,36
2022/10/21,0,1.7,50,24.8,73,8,36,2,2,21,30,36,24,37
2022/10/20,0,3,57,23,66,5,37,2,2,25,18,37,20,33
2022/10/19,0,4.7,59,21.2,66,9,33,2,2,27,18,33,23,34
2022/10/18,0.5,4.6,62,19.5,78,7,34,2,2,18,20,34,27,44
2022/10/17,6,3.4,56,21.9,90,3,44,2,2,10,12,44,19,28
2022/10/16,29.5,3,36,25,93,1,28,0,1,5,13,28,8,33
2022/10/15,18.5,2.5,42,23.3,94,3,33,0,1,14,13,33,25,39
2022/10/14,14.5,2.5,49,23.7,82,7,39,2,2,28,17,39,38,39
2022/10/13,0,3.3,51,23.9,74,9,39,2,2,26,15,39,32,36
2022/10/12,0,4.2,59,22.9,72,9,36,2,1,15,18,36,14,39
2022/10/11,0,4.4,60,21.4,62,9,39,2,2,29,17,39,31,46
2022/10/10,0,3.3,53,20.8,72,4,46,2,2,32,20,39,46,37
2022/10/9,0,2.3,29,24.3,79,6,37,2,2,13,13,37,21,36
2022/10/8,0,2.6,56,24.6,76,9,36,2,2,15,15,36,22,31
2022/10/7,0,2.2,58,25.8,80,5,31,2,2,18,30,31,27,35
2022/10/6,0,2.6,58,26.8,76,9,35,2,2,12,22,35,21,35
2022/10/5,0,2.3,34,27.4,72,9,35,2,2,25,23,35,23,67
2022/10/4,0,1.5,34,28.3,75,8,67,5,3,34,33,51,67,78
2022/10/3,0,1.2,157,28.3,79,8,78,5,5,38,38,45,78,78
2022/10/2,0,0.9,307,28.5,76,8,78,5,5,40,28,58,78,82
2022/10/1,0,0.8,184,28,78,7,82,2,5,49,47,80,82,84
2022/9/30,0,0.9,275,28.1,76,8,84,2,3,47,37,67,84,108
2022/9/29,0,1.2,83,28.1,76,8,108,2,5,44,40,108,73,44
2022/9/28,0,1.2,80,28,75,8,44,5,3,27,35,44,33,38
2022/9/27,0,1.4,54,28.6,63,10,38,2,2,16,23,38,10,22
2022/9/26,0,1.7,90,28.9,71,10,22,0,2,16,22,22,16,33
2022/9/25,0,2.1,43,25.7,83,9,33,2,2,22,13,33,14,49
2022/9/24,0,2.8,61,24.4,79,4,49,2,2,31,18,49,31,71
2022/9/23,0,2.5,36,25.7,64,9,71,5,2,30,25,71,22,48
2022/9/22,0,2.2,29,26,59,9,48,5,2,26,30,48,19,41
2022/9/21,0,2.5,53,25.6,64,10,41,5,2,38,25,41,22,80
2022/9/20,0,2.8,53,26.1,62,10,80,2,3,50,23,80,46,84
2022/9/19,0,1.4,57,27.8,64,9,84,8,5,38,50,84,62,100
2022/9/18,0,1.3,88,27.8,60,9,100,10,5,27,40,100,45,80
2022/9/17,0,1.9,81,27.5,67,9,80,5,3,25,30,80,40,61
2022/9/16,0,1.3,83,27.6,73,10,61,2,5,30,42,61,52,126
2022/9/15,0,1.2,320,28.2,72,9,126,5,6,38,38,126,66,108
2022/9/14,0,2.1,248,27.6,74,9,108,5,6,32,38,108,49,45
2022/9/13,9,1.7,360,26.7,77,11,45,2,3,21,33,45,26,33
2022/9/12,59.5,2.4,93,25.8,89,10,33,0,1,19,15,33,21,27
2022/9/11,13.5,1.7,36,25,88,2,27,2,2,21,18,25,27,47
2022/9/10,0,1.8,38,26.3,65,10,47,5,2,23,20,47,22,143
2022/9/9,0,2.6,62,27.3,58,9,143,8,3,47,18,143,71,93
2022/9/8,0,2.5,49,28.1,46,10,93,5,3,36,33,93,47,40
2022/9/7,1,1.6,86,27.1,66,5,40,2,3,27,40,35,37,54
2022/9/6,2,1.7,64,27.7,73,6,54,5,3,27,33,54,47,71
2022/9/5,0,3.5,232,29,75,11,71,5,5,28,30,71,49,33
2022/9/4,17,3.2,225,27.2,83,4,33,2,3,14,18,33,21,31
2022/9/3,98.5,2.4,355,26.8,92,6,31,0,1,16,12,31,19,42
2022/9/2,44,2.7,36,25.6,91,4,42,0,2,23,13,42,33,33
2022/9/1,5,2.4,58,27.3,78,9,33,2,2,28,18,33,29,39
2022/8/31,0,2.2,60,29.6,75,10,39,5,3,25,23,36,39,47
2022/8/30,0.5,1.2,315,29.1,80,9,47,2,3,24,33,47,42,40
2022/8/29,0,1.3,6,28.8,81,10,40,10,3,21,28,40,34,39
2022/8/28,12.5,1.3,181,28.2,84,7,39,2,3,19,33,39,33,44
2022/8/26,0,2.8,235,30,67,11,30,5,2,14,30,25,15,38
2022/8/25,0,1.9,193,29.6,75,11,38,5,2,23,23,38,31,64
2022/8/24,0,1.6,95,30.1,75,10,64,2,3,29,23,64,46,48
2022/8/23,0,1.1,192,29.9,79,9,48,5,2,28,28,48,47,51
2022/8/22,0,1.4,156,30.1,72,11,51,5,2,21,33,51,32,32
2022/8/21,0,1.9,263,29,75,10,32,5,2,18,25,25,32,33
2022/8/20,0,2,224,28.7,79,10,33,8,2,22,22,27,33,33
2022/8/19,4,1.2,198,28.4,83,11,33,2,3,16,33,25,27,25
2022/8/18,0,1.1,5,28.1,84,9,25,2,2,12,25,22,15,33
2022/8/17,4.5,1.2,178,28.6,84,4,33,2,2,16,33,32,24,29
2022/8/16,0,1.2,178,29.9,74,11,29,2,2,14,22,29,25,28
2022/8/15,1,1.5,188,29.6,80,10,28,2,1,14,13,28,21,37
2022/8/14,0,1.3,40,29.5,79,6,37,2,2,14,18,37,23,30
2022/8/13,0,1.4,158,29.8,71,12,30,2,2,12,28,30,22,29
2022/8/12,0,1.6,179,29.2,77,12,29,5,3,16,23,28,29,38
2022/8/11,1,1.3,194,29.2,79,12,38,2,2,16,30,38,29,36
2022/8/10,0,1.4,174,29.5,72,9,36,2,2,19,28,33,36,44
2022/8/9,0,1.5,83,29.2,75,6,44,2,2,20,25,44,32,48
2022/8/8,0,1.2,91,29.2,75,10,48,2,3,20,35,48,27,36
2022/8/7,0,1.2,61,29.1,74,9,36,2,2,14,23,36,20,27
2022/8/6,0,1.3,156,29.7,69,12,27,2,2,13,27,21,15,28
2022/8/5,0,1.1,178,29,75,9,28,2,2,15,28,23,18,45
2022/8/4,2.5,1.4,78,28.1,81,11,45,0,3,16,45,40,26,51
2022/8/3,3,1.3,4,28.2,78,9,51,5,3,19,27,51,29,42
2022/8/2,26,1.1,139,27,84,2,42,2,5,18,42,27,37,50
2022/8/1,0,1.8,97,29.7,72,10,50,8,3,24,45,50,49,33
2022/7/31,0,1.6,260,29.4,74,12,33,2,2,17,22,33,25,33
2022/7/30,16,1.1,150,28.2,82,12,33,5,3,13,33,20,19,42
2022/7/29,0,1.5,193,30,72,11,42,2,2,23,25,34,42,33
2022/7/28,0,1.3,2,30,73,11,33,5,2,17,27,33,30,24
2022/7/27,0,1.4,206,29.9,75,11,24,2,2,15,22,24,21,30
2022/7/26,0,1.7,244,29.5,78,9,30,2,2,14,17,30,23,38
2022/7/25,0,1.3,187,30.5,74,11,38,2,2,17,18,38,30,25
2022/7/24,0,1.9,263,29.9,78,12,25,8,2,15,25,23,24,25
2022/7/23,0,2.1,224,30.2,76,12,25,8,2,16,25,24,24,25
2022/7/22,0,2.1,184,30,77,12,25,5,2,15,25,23,22,23
2022/7/21,0,2.3,158,29.5,76,12,23,8,2,16,23,21,10,31
2022/7/20,5,1.8,265,29.3,81,12,31,5,3,21,25,31,20,26
2022/7/19,0,2.1,155,29.6,79,12,26,5,2,21,23,23,26,20
2022/7/18,0,3.7,229,30.3,69,8,20,2,2,20,20,20,19,26
2022/7/17,0,5,238,31.1,65,11,26,2,2,17,12,26,18,32
2022/7/16,0,4.7,242,31.4,61,11,32,2,2,13,15,32,16,24
2022/7/15,0,4.2,237,30.3,62,8,24,2,2,14,17,24,17,27
2022/7/14,0,1.8,178,29.7,72,11,27,5,2,14,25,27,19,31
2022/7/13,0,1.3,203,29.8,74,10,31,2,2,12,20,31,18,20
2022/7/12,0,1.7,239,29.7,77,10,20,2,2,10,20,18,11,17
2022/7/11,0,1.9,246,29.6,79,10,17,2,2,14,17,17,17,20
2022/7/10,0,2.3,188,29.7,79,12,20,2,2,14,20,17,17,31
2022/7/9,0,2.1,272,29,82,11,31,0,2,19,25,31,25,23
2022/7/8,0,1.4,272,29.3,76,10,23,0,2,13,23,18,15,32
2022/7/7,0,1.4,279,28.8,78,13,32,2,2,17,23,32,23,32
2022/7/6,1.5,2,262,28.3,80,12,32,2,2,18,32,27,16,33
2022/7/5,6,2,198,28.2,78,12,33,2,3,19,33,29,18,30
2022/7/4,0.5,2.5,83,28.8,77,12,30,2,2,19,22,30,22,30
2022/7/3,0,2.3,193,28.9,79,9,30,5,2,21,18,30,20,29
2022/7/2,0,1.3,136,27.8,81,7,29,2,2,16,25,29,27,80
2022/7/1,0,1.2,96,29.2,77,11,80,2,3,26,33,80,40,32
2022/6/30,0.5,1.4,270,28.3,80,10,32,2,2,21,28,32,23,39
2022/6/29,65.5,1.6,25,27.5,84,7,39,2,2,20,32,39,27,30
2022/6/28,0,1.2,82,28.9,77,9,30,2,2,19,30,30,24,28
2022/6/27,0,1.4,6,29.1,72,12,28,2,2,16,28,23,20,38
2022/6/26,0,1.6,83,28,75,11,38,2,2,14,38,29,16,35
2022/6/25,12,1.9,139,26.9,80,10,35,8,2,15,35,28,15,27
2022/6/24,0,2.2,152,27.9,79,11,27,5,2,15,27,23,13,31
2022/6/23,0,1.9,148,28.8,77,11,31,5,2,19,22,31,31,35
2022/6/22,0,2.2,222,29.3,73,11,35,2,2,15,35,19,24,30
2022/6/21,0,1.8,269,28.7,75,9,30,5,2,17,30,20,28,35
2022/6/20,0,3,189,28.7,74,12,35,8,2,18,22,20,35,41
2022/6/19,0,2.4,253,28.6,75,12,41,5,2,21,28,21,41,23
2022/6/18,0,2.6,249,28.2,77,11,23,5,2,16,23,21,23,27
2022/6/17,0.5,2.6,266,27.4,82,7,27,5,2,16,27,13,19,33
2022/6/16,7,1.4,26,25.7,87,8,33,5,3,14,33,21,12,33
2022/6/15,10,1.4,58,25.8,89,8,33,2,5,17,33,14,18,21
2022/6/14,0,4.7,240,28.8,72,10,21,5,1,12,13,21,9,32
2022/6/13,0,3.7,242,27.8,77,12,32,5,2,17,32,23,14,36
2022/6/12,20.5,1.6,88,25,92,5,36,0,3,11,28,36,10,33
2022/6/11,9.5,2.7,238,26.6,78,8,33,2,2,13,23,33,15,27
2022/6/10,2.5,2.3,246,27,83,11,27,2,3,18,27,26,20,35
2022/6/9,14.5,0.9,95,24.9,91,5,35,2,5,14,35,34,25,47
2022/6/8,83,1.5,75,22.9,96,3,47,0,5,9,47,26,16,43
2022/6/7,67.5,1.2,21,23.9,96,3,43,2,3,11,43,30,17,26
2022/6/6,39,4.6,239,27.8,77,6,26,0,2,16,17,26,13,22
2022/6/5,0,5.9,238,30,65,12,22,2,1,20,10,22,11,22
2022/6/4,0,3.4,235,28.8,74,11,22,5,1,12,18,22,11,22
2022/6/3,0,3.2,256,28.5,76,11,22,5,2,13,22,18,13,28
2022/6/2,0,3.1,236,28.6,76,11,28,8,2,16,28,20,13,33
2022/6/1,0,3.1,249,28,82,12,33,2,2,15,33,17,14,32
2022/5/31,15,1.2,127,26.6,89,7,32,2,3,13,32,27,17,30
2022/5/30,0,2.7,262,28,80,12,30,2,2,14,30,20,15,24
2022/5/29,0,2.6,252,27.6,79,10,24,8,2,15,18,24,17,23
2022/5/28,3.5,2.9,261,26.7,85,12,23,5,2,15,23,23,19,56
2022/5/27,57.5,0.8,4,23.2,96,4,56,2,6,13,56,25,28,35
2022/5/26,73.5,1.2,6,23.3,96,4,35,0,5,6,35,27,6,50
2022/5/25,69.5,1,6,23.3,96,4,50,0,6,8,50,11,12,40
2022/5/24,71,1.6,62,22.6,93,3,40,2,3,13,40,28,23,40
2022/5/23,0,1.1,41,23,91,4,40,5,5,16,40,36,23,31
2022/5/22,0,1.2,34,22.9,86,4,31,5,3,16,28,31,27,36
2022/5/21,0.5,1.7,36,22.5,83,4,36,2,2,17,23,36,18,40
2022/5/20,0,1.6,36,23.5,86,8,40,2,2,13,28,40,18,44
2022/5/19,0,1.6,36,25.1,80,7,44,2,3,14,30,44,18,49
2022/5/18,0,1.8,36,23.8,76,10,49,2,3,20,25,49,25,80
2022/5/17,3,2,50,19.9,76,8,80,5,3,18,30,80,35,50
2022/5/16,55.5,2.1,64,16.8,94,3,50,0,2,3,25,50,12,50
2022/5/15,23.5,2,47,18.5,93,4,50,0,2,7,13,50,12,40
2022/5/14,53,1.6,34,21.2,94,2,40,0,2,6,22,40,10,30
2022/5/13,5.5,2.7,57,25.3,81,9,30,2,2,16,30,22,18,39
2022/5/12,5,1.1,25,24.7,88,8,39,5,5,21,32,39,34,30
2022/5/11,24.5,1.2,5,24.1,89,8,30,2,2,9,30,29,17,40
2022/5/10,0,0.9,331,24.8,80,10,40,5,3,14,40,31,24,54
2022/5/9,0,1.3,30,23.9,87,5,54,5,5,24,54,23,38,33
2022/5/8,0,1.8,32,23.8,85,9,33,2,2,18,20,33,26,44
2022/5/7,0,1.7,27,24.3,79,9,44,5,2,17,38,44,24,44
2022/5/6,0,1.6,36,23.7,83,10,44,5,3,12,40,44,17,42
2022/5/5,0,1.4,44,22.5,89,3,42,2,2,10,27,42,10,49
2022/5/4,0,1.6,94,23.8,74,8,49,5,3,10,27,49,18,40
2022/5/3,0,2.4,56,20.8,73,6,40,2,2,12,22,40,17,44
2022/5/2,21,2.4,58,15.6,89,3,44,2,3,11,27,44,33,45
2022/5/1,10,2.2,51,18.4,85,3,45,2,2,9,15,45,23,43
2022/4/30,0,2,41,21.3,82,5,43,2,3,18,22,43,31,43
2022/4/29,0,2.2,61,24.7,82,10,43,5,3,24,32,41,43,54
2022/4/28,0,1.2,6,25.9,82,7,54,2,3,30,27,46,54,55
2022/4/27,0,1.5,46,26.7,81,9,55,5,3,28,28,24,55,37
2022/4/26,0,3.2,174,27,83,11,37,2,2,21,22,21,37,50
2022/4/25,0,1.7,261,26.3,84,8,50,2,3,21,28,20,50,50
2022/4/24,0,1.1,269,26.4,82,8,50,2,3,24,33,24,50,54
2022/4/23,2,1.3,243,25.7,84,10,54,2,6,25,51,33,54,53
2022/4/22,0,0.9,302,25.9,75,11,53,2,6,26,52,41,53,59
2022/4/21,0,0.9,98,22.9,82,6,59,2,7,30,52,50,59,61
2022/4/20,6,1.4,83,19.5,85,6,61,5,6,25,47,61,61,85
2022/4/19,12.5,1.9,56,16.2,87,3,85,5,6,35,45,49,85,71
2022/4/18,0,1.6,27,19,80,5,71,5,3,39,35,49,71,63
2022/4/17,3.5,1.7,43,17.7,76,4,63,5,5,31,32,44,63,61
2022/4/16,0,2.7,58,18.7,65,5,61,5,3,39,18,58,61,39
2022/4/15,0,3,30,18.7,82,7,39,0,2,11,18,39,27,44
2022/4/14,36.5,2,61,22.2,80,8,44,5,3,21,33,43,44,42
2022/4/13,0,1.4,254,24.8,74,10,42,5,3,18,38,28,42,58
2022/4/12,0,1,247,24.7,77,11,58,10,6,24,51,23,58,73
2022/4/11,0,0.9,250,24.7,75,10,73,2,6,32,55,28,73,86
2022/4/10,0,1,286,24.5,70,10,86,8,6,42,42,61,86,84
2022/4/9,0,1.5,90,23.6,62,10,84,5,5,30,40,84,60,41
2022/4/8,0,2.4,52,23.3,57,9,41,2,2,19,22,41,35,52
2022/4/7,0,2.4,39,21.7,68,10,52,5,2,23,22,43,52,54
2022/4/6,0,1.7,3,21.2,74,9,54,5,3,29,33,46,54,71
2022/4/5,0,1.1,352,19.6,81,10,71,5,3,29,50,71,53,48
2022/4/4,0,2.4,54,19.1,66,11,48,2,2,23,22,48,34,44
2022/4/3,2.5,3,53,15,74,3,44,5,2,17,15,44,37,44
2022/4/2,32.5,2.8,34,13.5,90,2,44,5,2,11,17,44,32,52
2022/4/1,0,3.3,43,15.7,75,6,52,0,3,31,18,44,52,54
2022/3/31,0,2,35,19.8,91,7,54,5,3,22,35,44,54,75
2022/3/30,0,1.6,82,22,88,5,75,5,5,38,47,42,75,55
2022/3/29,4,1.4,34,20.1,90,9,55,2,8,27,55,43,42,37
2022/3/28,73,2,35,15.5,92,1,37,2,3,12,35,37,34,44
2022/3/27,51,2.2,41,16,90,3,44,2,3,14,20,44,38,40
2022/3/26,29,3.8,229,24.4,79,7,40,2,3,15,22,23,40,87
2022/3/25,0.5,1,249,21.2,90,8,87,2,9,40,57,47,87,55
2022/3/24,1,1.1,35,17.6,87,3,55,5,9,22,55,35,54,40
2022/3/23,31,2,40,14.5,92,0,40,2,3,8,27,40,26,38
2022/3/22,12.5,2,34,17.3,92,2,38,2,2,17,28,34,38,91
2022/3/21,7,1.2,356,20.7,92,4,91,2,5,47,40,38,91,69
2022/3/20,0,1.1,295,22.4,83,8,69,2,5,36,33,58,69,53
2022/3/19,0,1.4,58,20.6,76,8,53,8,5,24,47,51,53,53
2022/3/18,0,1.9,50,20.9,79,4,53,5,6,24,50,33,53,83
2022/3/17,11.5,1.3,264,22.7,82,8,83,2,3,41,32,40,83,108
2022/3/16,0,1.2,278,21.2,87,8,108,5,6,53,48,54,108,84
2022/3/15,0,1.6,101,21.5,81,8,84,8,5,43,52,44,84,61
2022/3/14,0,1,3,23.1,65,7,61,5,6,28,58,44,61,75
2022/3/13,0,1.3,178,22.5,70,9,75,5,5,35,50,42,75,88
2022/3/12,0,1,249,19.6,80,9,88,12,7,38,62,34,88,78
2022/3/11,0,1.2,26,19.4,70,9,78,12,6,38,64,54,78,72
2022/3/10,0,1.2,268,18.4,79,9,72,5,8,38,61,43,72,67
2022/3/9,0,1.3,82,17.5,75,8,67,5,5,34,40,67,52,40
2022/3/8,0,2.3,60,16.2,58,8,40,5,2,20,28,40,32,40
2022/3/7,22,1.9,360,14.1,90,1,40,5,2,9,22,40,25,58
2022/3/6,0,1.9,50,20.4,67,7,58,2,3,34,20,58,53,72
2022/3/5,0,1.8,60,21.1,74,6,72,8,6,38,60,50,72,112
2022/3/4,0,1.2,238,20.1,83,7,112,5,11,68,69,50,112,98
2022/3/3,0,1,18,20.5,79,7,98,5,8,58,60,74,98,109
2022/3/2,0,1.8,52,20.2,79,6,109,5,6,56,33,74,109,52
2022/3/1,0,1.1,29,21.9,74,9,52,5,6,22,52,25,50,90
2022/2/28,0,0.8,62,19.7,73,9,90,5,11,41,69,84,90,58
2022/2/27,0,1.7,95,18.9,70,8,58,5,5,28,40,58,58,62
2022/2/26,0,1.1,3,17.3,88,5,62,2,6,37,45,44,62,40
2022/2/25,0,1.7,32,16.1,82,8,40,5,3,17,40,34,34,35
2022/2/24,0,2.8,52,13.7,76,8,35,2,3,13,25,35,34,43
2022/2/23,31,2.8,50,12.7,90,2,43,2,2,3,25,43,17,35
2022/2/22,16.5,2.6,56,15,90,2,35,2,2,3,23,35,15,37
2022/2/21,14,2.3,63,13.1,87,3,37,0,3,5,37,36,25,37
2022/2/20,18.5,3.4,46,10.2,88,3,37,2,3,11,13,37,35,36
2022/2/19,19,2.4,37,14.4,94,2,36,2,2,6,17,36,19,35
2022/2/18,3.5,1.7,35,15.9,92,3,35,5,3,7,33,35,23,36
2022/2/17,0,2.1,32,16.4,86,2,36,2,3,13,23,36,33,59
2022/2/16,0,2.2,59,17,78,5,59,2,3,33,23,43,59,53
2022/2/15,0,1.8,30,16.5,72,3,53,2,5,32,32,42,53,43
2022/2/14,27.5,2,53,14.1,85,2,43,2,5,19,38,39,43,38
2022/2/13,12,1.7,29,17.1,89,3,38,2,3,20,20,37,38,38
2022/2/12,0,1.5,39,17.1,92,2,38,2,3,24,27,38,38,50
2022/2/11,0,0.7,1,17.3,90,6,50,5,5,30,50,35,45,50
2022/2/10,0,1.5,4,16.1,92,2,50,2,5,15,50,32,33,31
2022/2/9,11,1.2,23,15.9,90,4,31,2,3,17,27,29,31,32
2022/2/8,0.5,2.3,42,15,84,4,32,2,2,13,23,32,26,40
2022/2/7,12.5,1.5,40,15,86,3,40,2,6,12,40,24,30,43
2022/2/6,0,2.2,57,15.1,75,7,43,2,3,13,20,43,35,47
2022/2/5,0,2.4,41,13.8,79,3,47,0,3,18,15,41,47,39
2022/2/4,0.5,2.2,54,13.8,90,3,39,2,2,10,12,39,24,41
2022/2/3,19,1.8,58,14.8,95,0,41,2,3,3,13,41,14,43
2022/2/2,1,1.8,35,15.7,94,2,43,2,3,6,8,43,19,44
2022/2/1,15.5,1.2,65,15.6,88,2,44,5,3,14,23,33,44,45
2022/1/31,0,2.3,52,15.5,65,6,45,2,2,24,22,37,45,34
2022/1/30,2.5,2.2,29,12.8,87,2,34,2,3,10,13,34,24,34
2022/1/29,6,2.3,38,15.7,90,2,34,2,2,7,15,34,21,35
2022/1/28,0.5,2.4,36,17.8,88,3,35,0,3,14,23,35,33,67
2022/1/27,0,1.8,50,19.3,89,6,67,5,5,38,32,38,67,56
2022/1/26,0,1.2,323,19.3,88,5,56,5,5,32,28,37,56,44
2022/1/25,0,1.9,30,18.7,82,6,44,8,5,21,37,33,44,33
2022/1/24,1,1.7,51,17.1,90,2,33,2,3,16,28,30,33,56
2022/1/23,1,1.1,2,17.8,97,2,56,2,5,21,45,21,56,50
2022/1/22,23,1.5,26,18.2,91,3,50,2,5,12,50,28,31,52
2022/1/21,29,1.7,9,16.9,92,2,52,2,6,10,52,35,32,38
2022/1/20,0.5,2.8,61,18.3,72,5,38,2,3,12,20,38,24,33
2022/1/19,0,2.5,31,17.4,79,6,33,2,2,14,25,33,31,34
2022/1/18,0,2.2,47,16.6,82,4,34,2,3,11,28,34,28,36
2022/1/17,2,2.1,34,16.2,90,1,36,2,5,11,27,36,30,62
2022/1/16,0,1.8,29,17.4,82,5,62,8,5,28,30,37,62,59
2022/1/15,0,1.6,56,16.4,80,5,59,8,5,29,53,38,59,76
2022/1/14,0,1.7,56,14.7,61,5,76,5,6,41,56,34,76,87
2022/1/13,0,1.9,23,13.5,72,1,87,5,6,43,43,43,87,52
2022/1/12,0,2,55,13,75,2,52,8,5,23,52,31,49,87
2022/1/11,2,2.9,52,13.2,77,2,87,5,7,40,37,33,87,38
2022/1/10,0,1.7,16,17.4,82,3,38,2,3,18,30,32,38,46
2022/1/9,0,1.8,60,17.2,76,4,46,2,3,23,20,38,46,37
2022/1/8,0.5,2.2,59,16.2,74,5,37,2,3,20,27,35,37,42
2022/1/7,1,2.4,61,15.8,77,4,42,2,3,21,37,32,42,54
2022/1/6,4,2.5,36,16.5,83,3,54,5,3,21,54,31,43,65
2022/1/5,0,1,19,18.1,89,2,65,5,6,29,56,31,65,43
2022/1/4,0,1.4,56,18.8,79,5,43,5,5,16,43,36,36,78
2022/1/3,0,1.6,37,17.9,76,5,78,5,6,42,47,45,78,47
2022/1/2,0,2,34,16.9,77,5,47,10,3,23,38,39,47,39
2022/1/1,0,1.3,7,16.6,82,4,39,8,3,17,27,32,39,53